{"cameraMode":{"drawMode":0,"name":"Shaded","section":"Shading Mode"},"sceneLighting":true,"audioPlay":false,"sceneViewState":{"m_AlwaysRefresh":false,"showFog":true,"showSkybox":false,"showFlares":true,"showImageEffects":true,"showParticleSystems":true,"showVisualEffectGraphs":true,"m_FxEnabled":true},"in2DMode":false,"pivot":{"x":-4.633211612701416,"y":2.9446234703063967,"z":11.308664321899414},"rotation":{"x":0.12787385284900666,"y":0.8394138216972351,"z":-0.22447961568832398,"w":0.4781683087348938},"size":3.2660253047943117,"orthographic":false}