{"cameraMode":{"drawMode":0,"name":"Shaded","section":"Shading Mode"},"sceneLighting":true,"audioPlay":false,"sceneViewState":{"m_AlwaysRefresh":false,"showFog":true,"showSkybox":true,"showFlares":true,"showImageEffects":true,"showParticleSystems":true,"showVisualEffectGraphs":true,"m_FxEnabled":true},"in2DMode":false,"pivot":{"x":18.614059448242189,"y":11.392948150634766,"z":-7.401297569274902},"rotation":{"x":0.12787385284900666,"y":0.8394138216972351,"z":-0.22447961568832398,"w":0.4781683087348938},"size":13.835904121398926,"orthographic":false}